Scenario,Month,New firms,Paying firms,Paid seats,MRR (INR),COGS (INR),Gross profit (INR),Gross margin %,Team & ops (INR),Marketing (INR),Net profit/(burn) (INR),Cumulative cash (INR)
Conservative,1,2,2.0,8,33594,11278,22316,66.4,350000,75000,-402684,-402684
Conservative,2,3,4.9,20,82978,27857,55121,66.4,350000,75000,-369879,-772563
Conservative,3,4,8.8,35,147678,49578,98099,66.4,350000,75000,-326901,-1099464
Conservative,4,5,13.5,54,227233,76287,150946,66.4,450000,125000,-424054,-1523517
Conservative,5,6,19.1,76,321199,107833,213366,66.4,450000,125000,-361634,-1885151
Conservative,6,7,25.5,102,429144,144072,285072,66.4,450000,125000,-289928,-2175080
Conservative,7,8,32.8,131,550647,184863,365784,66.4,600000,175000,-409216,-2584296
Conservative,8,9,40.8,163,685303,230070,455233,66.4,600000,175000,-319767,-2904063
Conservative,9,10,49.6,198,861511,288198,573313,66.5,600000,175000,-201687,-3105750
Conservative,10,11,59.1,236,1099621,365339,734283,66.8,750000,225000,-240717,-3346468
Conservative,11,12,69.3,277,1354585,447964,906620,66.9,750000,225000,-68380,-3414847
Conservative,12,13,80.2,321,1625895,535910,1089985,67.0,750000,225000,114985,-3299862
Base,1,4,4.0,16,67189,22557,44632,66.4,350000,75000,-380368,-380368
Base,2,6,9.9,40,165956,55715,110241,66.4,350000,75000,-314759,-695126
Base,3,8,17.6,70,295355,99157,196199,66.4,350000,75000,-228801,-923928
Base,4,10,27.1,108,454467,152574,301893,66.4,450000,125000,-273107,-1197035
Base,5,12,38.2,153,642399,215666,426733,66.4,450000,125000,-148267,-1345302
Base,6,14,51.1,204,887083,296783,590300,66.5,450000,125000,15300,-1330002
Base,7,16,65.6,262,1244407,412660,831746,66.8,600000,175000,56746,-1273256
Base,8,18,81.6,326,1639002,540659,1098343,67.0,600000,175000,323343,-949913
Base,9,20,99.1,397,2069752,680415,1389337,67.1,600000,175000,614337,-335576
Base,10,22,118.2,473,2535572,831576,1703995,67.2,750000,225000,728995,393419
Base,11,24,138.6,555,3035409,993800,2041608,67.3,750000,225000,1066608,1460027
Base,12,26,160.5,642,3568242,1166755,2401487,67.3,750000,225000,1426487,2886515
Aggressive,1,6,6.0,24,100783,33835,66948,66.4,350000,75000,-358052,-358052
Aggressive,2,12,17.8,71,299326,100490,198836,66.4,350000,75000,-226164,-584215
Aggressive,3,18,35.3,141,592696,198980,393716,66.4,350000,75000,-31284,-615500
Aggressive,4,22,56.2,225,1002044,334349,667695,66.6,450000,125000,92695,-522805
Aggressive,5,26,80.5,322,1595879,527088,1068791,67.0,450000,125000,493791,-29014
Aggressive,6,30,108.1,432,2267882,745239,1522643,67.1,450000,125000,947643,918629
Aggressive,7,34,138.9,556,3015710,988041,2027669,67.2,600000,175000,1252669,2171298
Aggressive,8,38,172.7,691,3837086,1254754,2582332,67.3,600000,175000,1807332,3978630
Aggressive,9,42,209.5,838,4729806,1544661,3185145,67.3,600000,175000,2410145,6388775
Aggressive,10,46,249.2,997,5691728,1857066,3834662,67.4,750000,225000,2859662,9248436
Aggressive,11,50,291.8,1167,6720776,2191294,4529482,67.4,750000,225000,3554482,12802918
Aggressive,12,54,337.0,1348,7814937,2546690,5268246,67.4,750000,225000,4293246,17096164
